iteration,MSE_trg,MSE_val,MSE_tst,acc_trg,acc_val,acc_tst,f1_trg,f1_val,f1_tst,elapsed
0,0.128330548533,0.126913567214,0.128450309149,0.527047913447,0.523148148148,0.517361111111,0.688391038697,0.683076923077,0.680459770115,0.027440334
10,0.129969453997,0.130701565615,0.128872893566,0.476043276662,0.467592592593,0.482638888889,0.034188034188,0.017094017094,0.0745341614907,0.235650762
20,0.141037607844,0.144182259389,0.141978636971,0.469860896445,0.467592592593,0.46875,0,0,0,0.479023663
30,0.125209285075,0.12379884951,0.123747693034,0.523956723338,0.532407407407,0.559027777778,0.606138107417,0.613026819923,0.644257703081,0.679671277
40,0.126582455375,0.125191089708,0.12668028186,0.511591962906,0.527777777778,0.496527777778,0.645739910314,0.645833333333,0.643734643735,0.877903904
50,0.122348794765,0.124039911375,0.122616823553,0.533230293663,0.537037037037,0.534722222222,0.694331983806,0.69696969697,0.695454545455,1.175476489
60,0.12411065689,0.125115085113,0.124454960136,0.497681607419,0.50462962963,0.482638888889,0.630261660978,0.627177700348,0.620865139949,1.464208824
70,0.12748675888,0.130208932382,0.128035888097,0.497681607419,0.481481481481,0.496527777778,0.0997229916898,0.0508474576271,0.110429447853,1.671286947
80,0.122891458321,0.124660206813,0.12276363609,0.525502318393,0.486111111111,0.559027777778,0.466086956522,0.4,0.524344569288,1.83964135
90,0.133081230847,0.133549156481,0.131945162802,0.530139103555,0.532407407407,0.53125,0.692929292929,0.694864048338,0.69387755102,2.03211153
100,0.122028754154,0.123476788168,0.122043411737,0.530139103555,0.532407407407,0.53125,0.692929292929,0.694864048338,0.69387755102,2.194770716
110,0.127346624982,0.12709911092,0.127250236932,0.531684698609,0.532407407407,0.53125,0.693629929221,0.694864048338,0.69387755102,2.392658312
120,0.124855893087,0.125830739084,0.124194857829,0.530139103555,0.532407407407,0.53125,0.692929292929,0.694864048338,0.69387755102,2.524254405
130,0.123117801546,0.124619944772,0.123022432215,0.530139103555,0.532407407407,0.53125,0.692929292929,0.694864048338,0.69387755102,2.651219867
140,0.122905937796,0.123951527195,0.123003362977,0.528593508501,0.537037037037,0.534722222222,0.69160768453,0.69512195122,0.695454545455,2.776251396
150,0.123219820932,0.12527085768,0.122580417402,0.530139103555,0.532407407407,0.53125,0.692929292929,0.694864048338,0.69387755102,2.897902761
160,0.122261775601,0.125224809152,0.121762698921,0.530139103555,0.532407407407,0.53125,0.692929292929,0.694864048338,0.69387755102,3.010729194
170,0.124161179781,0.126993014024,0.122969441921,0.530139103555,0.532407407407,0.53125,0.692929292929,0.694864048338,0.69387755102,3.122647027
180,0.125980239651,0.128627367797,0.124803912955,0.530139103555,0.532407407407,0.53125,0.692929292929,0.694864048338,0.69387755102,3.235804501
190,0.124096691535,0.1267940052,0.122997183171,0.530139103555,0.532407407407,0.53125,0.692929292929,0.694864048338,0.69387755102,3.348379967
200,0.124191882335,0.125859282676,0.124419725898,0.530139103555,0.532407407407,0.53125,0.692929292929,0.694864048338,0.69387755102,3.459582947
210,0.122980549823,0.124108902676,0.123545103071,0.527047913447,0.527777777778,0.524305555556,0.689655172414,0.690909090909,0.687927107062,3.569557524
220,0.12300616813,0.124591883947,0.123052529464,0.530139103555,0.532407407407,0.53125,0.692929292929,0.694864048338,0.69387755102,3.681180519
230,0.120055987754,0.122273428856,0.120622126198,0.591962905719,0.550925925926,0.614583333333,0.680387409201,0.664359861592,0.695890410959,3.797044591
240,0.122169198357,0.124407932662,0.123482348,0.557959814529,0.569444444444,0.53125,0.569277108434,0.586666666667,0.505494505495,3.912136336
250,0.129359352781,0.131727869977,0.128724163186,0.530139103555,0.532407407407,0.53125,0.692929292929,0.694864048338,0.69387755102,4.019137498
260,0.123157343192,0.124798228799,0.123918165904,0.528593508501,0.532407407407,0.527777777778,0.689725330621,0.694864048338,0.690909090909,4.134547998
270,0.125882632776,0.128373301054,0.126848252045,0.530139103555,0.532407407407,0.53125,0.692929292929,0.694864048338,0.69387755102,4.245039972
280,0.124128980526,0.125047298778,0.125162452065,0.527047913447,0.532407407407,0.527777777778,0.69028340081,0.694864048338,0.690909090909,4.376823108
290,0.123936956008,0.124811066405,0.124807971126,0.530139103555,0.532407407407,0.53125,0.692929292929,0.694864048338,0.69387755102,4.519322263
300,0.123473781832,0.12457746624,0.124700656949,0.525502318393,0.532407407407,0.520833333333,0.688956433637,0.694864048338,0.684931506849,4.634332787
310,0.123056773914,0.12463943891,0.124282104597,0.528593508501,0.532407407407,0.53125,0.69160768453,0.694864048338,0.69387755102,4.752319529
320,0.122289645973,0.12370891194,0.123478830441,0.556414219474,0.518518518519,0.534722222222,0.634394904459,0.59375,0.619318181818,4.862116265
330,0.121267621127,0.123889433188,0.122304212488,0.556414219474,0.555555555556,0.541666666667,0.671248568156,0.677852348993,0.648936170213,4.977339216
340,0.122027813919,0.123563364985,0.123540808872,0.562596599691,0.532407407407,0.517361111111,0.64040660737,0.621722846442,0.597101449275,5.095174341
350,0.120966732733,0.123309103155,0.122040765587,0.579598145286,0.587962962963,0.565972222222,0.634408602151,0.656370656371,0.613003095975,5.236444301
360,0.123122504814,0.124034466296,0.123052814616,0.530139103555,0.532407407407,0.53125,0.69168356998,0.693009118541,0.692482915718,5.374537823
370,0.119652001857,0.12202368127,0.119854443869,0.584234930448,0.606481481481,0.631944444444,0.637954239569,0.669260700389,0.66875,5.503797341
380,0.122454013611,0.123989175645,0.123113687363,0.556414219474,0.574074074074,0.559027777778,0.626788036411,0.661764705882,0.616314199396,5.631364873
390,0.1217975201,0.12387913141,0.121286033436,0.548686244204,0.537037037037,0.548611111111,0.689361702128,0.689440993789,0.685990338164,5.750396786
400,0.120306515044,0.122407863748,0.120336505344,0.570324574961,0.606481481481,0.600694444444,0.612813370474,0.655870445344,0.622950819672,5.861994549
410,0.122602503512,0.124835738753,0.123487949734,0.553323029366,0.527777777778,0.572916666667,0.495636998255,0.445652173913,0.493827160494,5.973081674
420,0.118165691365,0.121716103868,0.118463318249,0.584234930448,0.574074074074,0.611111111111,0.632010943912,0.632,0.643312101911,6.087405732
430,0.119025271753,0.122055118301,0.119212755485,0.598145285935,0.597222222222,0.631944444444,0.655172413793,0.658823529412,0.670807453416,6.194739844
440,0.119825377794,0.123843154969,0.120622497129,0.604327666151,0.555555555556,0.576388888889,0.591054313099,0.533980582524,0.537878787879,6.308883023
450,0.122041361289,0.125144206947,0.122404926355,0.565687789799,0.564814814815,0.555555555556,0.450097847358,0.405063291139,0.401869158879,6.43591279
460,0.120818871791,0.122906878552,0.121166508616,0.570324574961,0.592592592593,0.576388888889,0.625336927224,0.661538461538,0.616352201258,6.555894775
470,0.121446055426,0.122767812125,0.121117766784,0.559505409583,0.574074074074,0.583333333333,0.615384615385,0.65671641791,0.627329192547,6.677477902
480,0.117859342814,0.122746127676,0.117232968664,0.587326120556,0.574074074074,0.604166666667,0.660736975858,0.666666666667,0.664705882353,6.791834021
490,0.118285678771,0.122143824003,0.118759881577,0.602782071097,0.550925925926,0.59375,0.634423897582,0.590717299578,0.621359223301,6.896906748
500,0.118451694653,0.122840113529,0.118273706188,0.604327666151,0.541666666667,0.59375,0.63323782235,0.578723404255,0.616393442623,7.009090801
510,0.118381810227,0.12143264847,0.117021665929,0.598145285935,0.560185185185,0.628472222222,0.669211195929,0.654545454545,0.686217008798,7.116683377
520,0.120954821124,0.12304683848,0.120810946438,0.564142194745,0.541666666667,0.565972222222,0.678082191781,0.671096345515,0.671916010499,7.231478919
530,0.121436151631,0.125159671996,0.121258612673,0.567233384853,0.532407407407,0.569444444444,0.683972911964,0.668852459016,0.682051282051,7.343168631
540,0.117834877795,0.121691850359,0.117261459426,0.599690880989,0.555555555556,0.631944444444,0.65785997358,0.639097744361,0.678787878788,7.45840983
550,0.120809717058,0.123358245381,0.119477053931,0.58114374034,0.564814814815,0.607638888889,0.686705202312,0.686666666667,0.703412073491,7.567172349
560,0.122482853226,0.128146021045,0.123753116039,0.576506955178,0.509259259259,0.559027777778,0.477099236641,0.361445783133,0.430493273543,7.679402293
570,0.118839459994,0.123521628973,0.11922358982,0.596599690881,0.513888888889,0.618055555556,0.61897810219,0.520547945205,0.623287671233,7.789982343
580,0.120780658876,0.1254710005,0.121813555598,0.57341576507,0.518518518519,0.597222222222,0.567398119122,0.490196078431,0.573529411765,7.89608009
590,0.122727084008,0.128203470572,0.12418382878,0.564142194745,0.49537037037,0.548611111111,0.492805755396,0.369942196532,0.444444444444,8.006491701
600,0.119700764333,0.125968432844,0.120495186382,0.593508500773,0.537037037037,0.600694444444,0.5792,0.494949494949,0.575645756458,8.113697942
610,0.119964068411,0.125980026564,0.120578659899,0.598145285935,0.537037037037,0.576388888889,0.577922077922,0.489795918367,0.541353383459,8.228099023
620,0.117674715905,0.124319647977,0.11717538505,0.599690880989,0.560185185185,0.621527777778,0.654205607477,0.638783269962,0.660436137072,8.339032459
630,0.119986738314,0.124273149644,0.120778035119,0.590417310665,0.555555555556,0.583333333333,0.591679506934,0.547169811321,0.568345323741,8.474588773
640,0.118766541319,0.125273431499,0.120042098462,0.613601236476,0.550925925926,0.579861111111,0.615384615385,0.54028436019,0.566308243728,8.616449632
650,0.119416708541,0.125171284982,0.118309696082,0.60741885626,0.569444444444,0.638888888889,0.672680412371,0.656826568266,0.690476190476,8.768010901
660,0.118120860561,0.124146963123,0.119716976809,0.610510046368,0.546296296296,0.583333333333,0.596153846154,0.514851485149,0.55223880597,8.896344205
670,0.117321915301,0.122130791175,0.11757431936,0.605873261206,0.560185185185,0.614583333333,0.644351464435,0.605809128631,0.640776699029,9.00727364
680,0.117510302356,0.121316323024,0.117249886527,0.599690880989,0.578703703704,0.607638888889,0.636746143058,0.625514403292,0.631921824104,9.118849919
690,0.117424585263,0.122658774563,0.117589532143,0.612055641422,0.564814814815,0.600694444444,0.644978783593,0.598290598291,0.622950819672,9.2306159
700,0.11772897518,0.122944245672,0.117817972232,0.593508500773,0.569444444444,0.586805555556,0.631136044881,0.607594936709,0.599326599327,9.348337115
710,0.119420715557,0.12401883468,0.12028180099,0.598145285935,0.541666666667,0.5625,0.592476489028,0.517073170732,0.546762589928,9.460055173
720,0.119247326262,0.123720245003,0.119677882606,0.578052550232,0.555555555556,0.583333333333,0.58320610687,0.555555555556,0.574468085106,9.569865127
730,0.123303039035,0.126942549564,0.124728340664,0.562596599691,0.490740740741,0.548611111111,0.448343079922,0.320987654321,0.419642857143,9.68500364
740,0.117509144986,0.12262445413,0.116870315526,0.605873261206,0.574074074074,0.607638888889,0.64135021097,0.619834710744,0.627062706271,9.796897778
750,0.116858445557,0.120715817424,0.115714072196,0.601236476043,0.578703703704,0.611111111111,0.639664804469,0.628571428571,0.629139072848,9.92318923
760,0.117915759064,0.123072993086,0.115936848072,0.608964451314,0.601851851852,0.625,0.662216288385,0.666666666667,0.664596273292,10.069682771
770,0.11774640838,0.122325476795,0.11776535823,0.605873261206,0.583333333333,0.579861111111,0.599686028257,0.575471698113,0.566308243728,10.218003387
780,0.117276304712,0.120935191945,0.11525174408,0.613601236476,0.583333333333,0.631944444444,0.659400544959,0.645669291339,0.664556962025,10.337297269
790,0.117692912461,0.121660433094,0.117007640688,0.602782071097,0.578703703704,0.59375,0.628075253256,0.609442060086,0.600682593857,10.453951246
800,0.118311534354,0.123714416244,0.117703996282,0.590417310665,0.560185185185,0.611111111111,0.63040446304,0.609053497942,0.631578947368,10.563559872
810,0.115864504258,0.119846626447,0.114476866481,0.601236476043,0.592592592593,0.614583333333,0.637640449438,0.639344262295,0.63122923588,10.671681682
820,0.118879887093,0.122612394284,0.11702104423,0.596599690881,0.592592592593,0.618055555556,0.642954856361,0.650793650794,0.645161290323,10.787878661
830,0.116627541733,0.120247810794,0.115374316889,0.608964451314,0.601851851852,0.635416666667,0.658569500675,0.661417322835,0.670846394984,10.894316383
840,0.11734336667,0.123497492379,0.116827989701,0.595054095827,0.569444444444,0.607638888889,0.620289855072,0.597402597403,0.619528619529,11.007233403
850,0.117849347032,0.122312363355,0.115404407342,0.616692426584,0.62037037037,0.635416666667,0.671957671958,0.687022900763,0.676923076923,11.116922079
860,0.117493240521,0.124656320341,0.115667290621,0.624420401855,0.592592592593,0.625,0.692015209125,0.671641791045,0.676646706587,11.230923485
870,0.117962682088,0.122400091236,0.115548279126,0.610510046368,0.574074074074,0.611111111111,0.689655172414,0.673758865248,0.687150837989,11.342619558
880,0.11630138883,0.121096463925,0.115148393004,0.613601236476,0.574074074074,0.59375,0.606918238994,0.561904761905,0.57761732852,11.450000817
890,0.117268008389,0.121462574123,0.114294533288,0.625965996909,0.62037037037,0.642361111111,0.684895833333,0.691729323308,0.688821752266,11.560244401
900,0.117282401271,0.121599437902,0.114767838688,0.622874806801,0.597222222222,0.635416666667,0.692695214106,0.683636363636,0.697406340058,11.669253959
910,0.116770326242,0.120682910418,0.114418114072,0.605873261206,0.597222222222,0.628472222222,0.677623261694,0.683636363636,0.696883852691,11.778088922
920,0.115261315678,0.119766948588,0.113758859312,0.612055641422,0.62037037037,0.635416666667,0.66930171278,0.687022900763,0.68085106383,11.887149108
930,0.113770447301,0.119165677999,0.111756120144,0.635239567233,0.597222222222,0.631944444444,0.686170212766,0.666666666667,0.676829268293,11.997522129
940,0.115188477968,0.119484672947,0.113033627557,0.616692426584,0.611111111111,0.628472222222,0.670212765957,0.676923076923,0.672782874618,12.12616863
950,0.114862993412,0.119687196113,0.113220721843,0.608964451314,0.615740740741,0.642361111111,0.673548387097,0.68679245283,0.694362017804,12.255029573
960,0.114692195167,0.119937951032,0.112449451536,0.616692426584,0.592592592593,0.631944444444,0.669333333333,0.658914728682,0.670807453416,12.35984876
970,0.116697235136,0.121067358347,0.115705545486,0.629057187017,0.592592592593,0.604166666667,0.647058823529,0.596330275229,0.609589041096,12.469500152
980,0.116162847115,0.123179237295,0.115878856767,0.591962905719,0.541666666667,0.600694444444,0.622857142857,0.571428571429,0.604810996564,12.581620356
990,0.116483952916,0.121044601036,0.114915168705,0.58114374034,0.578703703704,0.59375,0.60088365243,0.612765957447,0.592334494774,12.699994797
1000,0.115497583998,0.121219101793,0.113839798208,0.595054095827,0.583333333333,0.618055555556,0.64402173913,0.645669291339,0.649681528662,12.810126128
1010,0.115717219305,0.121100513028,0.114291061028,0.618238021638,0.583333333333,0.614583333333,0.644604316547,0.615384615385,0.626262626263,12.923534997
1020,0.116491461557,0.121226625544,0.115345429453,0.60741885626,0.569444444444,0.600694444444,0.629737609329,0.590308370044,0.604810996564,13.036272283
1030,0.115354553602,0.120964242218,0.113962688114,0.61514683153,0.583333333333,0.625,0.646808510638,0.618644067797,0.644736842105,13.146327566
1040,0.119362426065,0.124805661258,0.116873314549,0.604327666151,0.550925925926,0.600694444444,0.703703703704,0.675585284281,0.701298701299,13.256183825
1050,0.117236969752,0.123555478658,0.115497312028,0.610510046368,0.560185185185,0.628472222222,0.663101604278,0.633204633205,0.670769230769,13.365939599
1060,0.120180142685,0.124336631556,0.1178781784,0.582689335394,0.560185185185,0.604166666667,0.683840749415,0.682274247492,0.698412698413,13.526206411
1070,0.115838265677,0.121911507912,0.114454764855,0.638330757342,0.587962962963,0.611111111111,0.643292682927,0.597285067873,0.608391608392,13.663159149
1080,0.116634509872,0.120816992846,0.11450956383,0.605873261206,0.592592592593,0.631944444444,0.667535853977,0.671641791045,0.686390532544,13.79675675
1090,0.11798329608,0.122047964297,0.117009093259,0.576506955178,0.569444444444,0.611111111111,0.670673076923,0.678200692042,0.697297297297,13.914158651
1100,0.115779811461,0.120424280649,0.114850407532,0.598145285935,0.583333333333,0.618055555556,0.679802955665,0.68085106383,0.692737430168,14.037350658
1110,0.115904962869,0.119851190803,0.114814217596,0.598145285935,0.597222222222,0.614583333333,0.654255319149,0.658823529412,0.664652567976,14.17856346
1120,0.120825708359,0.123884140108,0.117765687644,0.590417310665,0.574074074074,0.607638888889,0.689331770223,0.695364238411,0.703412073491,14.320998637
1130,0.118800815045,0.122923661343,0.118184619702,0.571870170015,0.532407407407,0.586805555556,0.676779463244,0.657627118644,0.684350132626,14.456238743
1140,0.121854065478,0.12529880693,0.120863708138,0.553323029366,0.532407407407,0.5625,0.687567567568,0.681388012618,0.691176470588,14.582911441
1150,0.118769964804,0.120601438258,0.117360808183,0.591962905719,0.601851851852,0.614583333333,0.653543307087,0.679104477612,0.668656716418,14.696265534
1160,0.118932896904,0.122997272831,0.119040039505,0.565687789799,0.564814814815,0.586805555556,0.663473053892,0.675862068966,0.679245283019,14.803425664
1170,0.122772990845,0.125801584953,0.122316083373,0.557959814529,0.518518518519,0.541666666667,0.697674418605,0.67701863354,0.685714285714,14.910123182
1180,0.120330195436,0.123059860902,0.118844758025,0.579598145286,0.555555555556,0.600694444444,0.679245283019,0.673469387755,0.690026954178,15.023535155
1190,0.119257231557,0.122151009241,0.118517681995,0.561051004637,0.532407407407,0.565972222222,0.675057208238,0.664451827243,0.67362924282,15.128329756
1200,0.121077850924,0.123686393461,0.120743319775,0.561051004637,0.569444444444,0.59375,0.496453900709,0.518134715026,0.541176470588,15.241196526
1210,0.117384383015,0.121656646844,0.11713695613,0.593508500773,0.578703703704,0.607638888889,0.663252240717,0.666666666667,0.672463768116,15.356404656
1220,0.117922037633,0.122726824309,0.117798268855,0.613601236476,0.527777777778,0.604166666667,0.633431085044,0.536363636364,0.62987012987,15.470120252
1230,0.120745700482,0.122680272504,0.119463668789,0.574961360124,0.583333333333,0.590277777778,0.670658682635,0.691780821918,0.681081081081,15.574205778
1240,0.117690459899,0.120600983084,0.116750991074,0.582689335394,0.569444444444,0.618055555556,0.658227848101,0.656826568266,0.6875,15.683353878
1250,0.118901757378,0.11998676762,0.117250885006,0.608964451314,0.615740740741,0.628472222222,0.683354192741,0.70462633452,0.695156695157,15.795635461
1260,0.11774656243,0.121846011649,0.117209271776,0.618238021638,0.578703703704,0.614583333333,0.6456241033,0.602620087336,0.64308681672,15.903712366
1270,0.116971859397,0.120746698677,0.115734730372,0.599690880989,0.555555555556,0.607638888889,0.667522464698,0.639097744361,0.678062678063,16.014528026
1280,0.117769272191,0.121699658801,0.116967182323,0.619783616692,0.569444444444,0.604166666667,0.637168141593,0.575342465753,0.614864864865,16.132491425
1290,0.137299939982,0.142027599673,0.137556217508,0.480680061824,0.472222222222,0.475694444444,0.04,0.0172413793103,0.0258064516129,16.254411685
1300,0.117038337919,0.121940459906,0.11713832205,0.612055641422,0.578703703704,0.607638888889,0.646976090014,0.612765957447,0.64126984127,16.368331092
1310,0.118161336621,0.122393818798,0.117837784039,0.604327666151,0.550925925926,0.600694444444,0.648351648352,0.604081632653,0.650455927052,16.472594173
1320,0.118963324544,0.124115434646,0.119132374366,0.601236476043,0.523148148148,0.59375,0.631428571429,0.546255506608,0.635514018692,16.581539964
1330,0.119844519426,0.123652784375,0.119739083305,0.58114374034,0.532407407407,0.59375,0.587519025875,0.516746411483,0.606060606061,16.742428076
1340,0.119152398337,0.121922443778,0.119104662136,0.579598145286,0.569444444444,0.572916666667,0.636363636364,0.63813229572,0.639296187683,16.897225161
1350,0.117862517801,0.121481282848,0.11702192872,0.605873261206,0.546296296296,0.604166666667,0.652114597544,0.60162601626,0.65243902439,17.007604577
1360,0.118419308179,0.122416365886,0.117910538413,0.610510046368,0.560185185185,0.600694444444,0.635838150289,0.581497797357,0.630225080386,17.118168443
1370,0.118204248306,0.121871046985,0.117541472311,0.60741885626,0.574074074074,0.597222222222,0.642253521127,0.603448275862,0.630573248408,17.230999462
1380,0.117770777764,0.120943281571,0.117553932745,0.602782071097,0.583333333333,0.590277777778,0.631276901004,0.608695652174,0.606666666667,17.344080405
1390,0.117645640789,0.123953624656,0.116940938337,0.602782071097,0.555555555556,0.611111111111,0.669240669241,0.636363636364,0.674418604651,17.45231182
1400,0.117984092032,0.123054792193,0.117280586371,0.598145285935,0.574074074074,0.621527777778,0.667519181586,0.654135338346,0.678466076696,17.567791426
1410,0.119103808906,0.123903989625,0.118132341716,0.576506955178,0.564814814815,0.621527777778,0.653164556962,0.654411764706,0.687679083095,17.680855822
1420,0.119881816947,0.124521177455,0.119471971233,0.559505409583,0.555555555556,0.576388888889,0.669756662804,0.677852348993,0.680628272251,17.795317704
1430,0.117825914534,0.124105827005,0.117402084979,0.595054095827,0.537037037037,0.614583333333,0.673316708229,0.63768115942,0.685552407932,17.902715028
1440,0.121280186883,0.126519679435,0.120045906152,0.58114374034,0.541666666667,0.548611111111,0.694475760992,0.677524429967,0.671717171717,18.012319563
1450,0.12062863262,0.126590013611,0.120211472462,0.576506955178,0.537037037037,0.565972222222,0.686498855835,0.659863945578,0.675324675325,18.125698926
1460,0.119341933309,0.124467641873,0.118752372603,0.579598145286,0.546296296296,0.572916666667,0.665024630542,0.647482014388,0.659279778393,18.233924144
1470,0.118524038846,0.123721548465,0.116963834647,0.590417310665,0.550925925926,0.597222222222,0.674846625767,0.659649122807,0.67955801105,18.348530435
1480,0.118679540124,0.124504981012,0.117805175744,0.587326120556,0.532407407407,0.600694444444,0.678700361011,0.645614035088,0.684931506849,18.458441733
1490,0.11760317491,0.123652625126,0.116720441796,0.585780525502,0.546296296296,0.607638888889,0.671568627451,0.644927536232,0.685236768802,18.578496722
1500,0.117353645672,0.122513982295,0.116182860661,0.587326120556,0.583333333333,0.635416666667,0.641610738255,0.651162790698,0.668769716088,18.69985186
1510,0.117072204888,0.123322506918,0.116611627357,0.598145285935,0.555555555556,0.625,0.628571428571,0.589743589744,0.644736842105,18.813428973
1520,0.119438982099,0.124230532,0.117744775214,0.579598145286,0.555555555556,0.572916666667,0.688073394495,0.675675675676,0.678851174935,18.933103053
1530,0.11633786388,0.123121700842,0.115520586572,0.598145285935,0.550925925926,0.621527777778,0.664948453608,0.628352490421,0.668693009119,19.046044697
1540,0.117565663137,0.123263373856,0.116327425278,0.590417310665,0.564814814815,0.611111111111,0.664981036662,0.643939393939,0.664670658683,19.152867359
1550,0.116010018318,0.123067285792,0.114842531314,0.605873261206,0.550925925926,0.618055555556,0.671814671815,0.631178707224,0.674556213018,19.261658298
1560,0.117243114028,0.122337766239,0.116688759847,0.593508500773,0.555555555556,0.614583333333,0.6534914361,0.622047244094,0.668656716418,19.375616161
1570,0.117038789803,0.122858002647,0.116210297664,0.616692426584,0.560185185185,0.625,0.634218289086,0.549763033175,0.632653061224,19.486183663
1580,0.119398971551,0.124492382599,0.11748565962,0.601236476043,0.587962962963,0.59375,0.7,0.694158075601,0.686327077748,19.600169412
1590,0.115964583321,0.123618220875,0.115319988993,0.612055641422,0.546296296296,0.625,0.663989290495,0.608,0.670731707317,19.711605741
1600,0.121763946734,0.127734733368,0.121135677834,0.585780525502,0.518518518519,0.579861111111,0.484615384615,0.373493975904,0.457399103139,19.820577288
1610,0.116486275595,0.123337089761,0.115220699615,0.598145285935,0.550925925926,0.618055555556,0.660574412533,0.625482625483,0.666666666667,19.936830644
1620,0.116652083237,0.12239709816,0.115498997199,0.599690880989,0.560185185185,0.618055555556,0.649526387009,0.612244897959,0.658385093168,20.052434494
1630,0.115612492479,0.123283688993,0.114552700188,0.608964451314,0.537037037037,0.614583333333,0.666666666667,0.612403100775,0.664652567976,20.160138883
1640,0.11569727054,0.121708404404,0.114833434665,0.608964451314,0.546296296296,0.611111111111,0.667542706965,0.623076923077,0.666666666667,20.265725102
1650,0.120827197891,0.127341746484,0.120405594988,0.596599690881,0.523148148148,0.590277777778,0.542907180385,0.411428571429,0.512396694215,20.381312392
1660,0.116433391235,0.122509791825,0.115287026499,0.622874806801,0.532407407407,0.628472222222,0.641176470588,0.53023255814,0.646864686469,20.50471393
1670,0.118617581487,0.124692525476,0.11870843958,0.608964451314,0.509259259259,0.590277777778,0.602825745683,0.475247524752,0.587412587413,20.630856109
1680,0.115773439035,0.12189729408,0.115271882876,0.630602782071,0.523148148148,0.614583333333,0.650073206442,0.520930232558,0.638436482085,20.788651973
1690,0.117325349415,0.122949927609,0.116487993722,0.587326120556,0.555555555556,0.604166666667,0.674786845311,0.664335664336,0.686813186813,20.90705765
1700,0.115432566627,0.121301066436,0.114325399357,0.610510046368,0.560185185185,0.607638888889,0.659459459459,0.624505928854,0.662686567164,21.036894383
1710,0.116259990223,0.121546885184,0.115015090677,0.604327666151,0.569444444444,0.625,0.656836461126,0.63813229572,0.680473372781,21.188537415
1720,0.11552809014,0.121777547653,0.114468729254,0.610510046368,0.560185185185,0.621527777778,0.667546174142,0.630350194553,0.674626865672,21.319192173
1730,0.117020118383,0.123091913284,0.115957779469,0.596599690881,0.560185185185,0.59375,0.67496886675,0.654545454545,0.675900277008,21.445375402
1740,0.117243920943,0.123572118151,0.116451161854,0.608964451314,0.550925925926,0.611111111111,0.671854734112,0.631178707224,0.674418604651,21.581115153
1750,0.116810970922,0.122854198738,0.115496081788,0.588871715611,0.564814814815,0.590277777778,0.668329177057,0.659420289855,0.668539325843,21.69064451
1760,0.116201384521,0.122542759921,0.115004169959,0.601236476043,0.546296296296,0.614583333333,0.660526315789,0.62015503876,0.678260869565,21.866188946
1770,0.117430586196,0.124706366627,0.116924381318,0.587326120556,0.541666666667,0.604166666667,0.673194614443,0.650176678445,0.685082872928,21.979010424
1780,0.11675199549,0.123664806677,0.116076394348,0.588871715611,0.550925925926,0.600694444444,0.668329177057,0.649819494585,0.672364672365,22.120742894
1790,0.116199501784,0.12225308516,0.115479646445,0.593508500773,0.541666666667,0.607638888889,0.681983071342,0.650176678445,0.685236768802,22.25478674
1800,0.118523534736,0.121025575409,0.116917508728,0.565687789799,0.560185185185,0.555555555556,0.67211201867,0.657039711191,0.673469387755,22.400514345
1810,0.116961703832,0.125140025063,0.116172971103,0.604327666151,0.555555555556,0.611111111111,0.682382133995,0.647058823529,0.67816091954,22.549330941
1820,0.118198685885,0.123387550485,0.116762547079,0.602782071097,0.513888888889,0.59375,0.620384047267,0.516129032258,0.618892508143,22.704692012
1830,0.117263497251,0.12310776239,0.116060944854,0.605873261206,0.527777777778,0.611111111111,0.619970193741,0.514285714286,0.629139072848,22.817446377
1840,0.116855194988,0.121184914155,0.115782448433,0.610510046368,0.532407407407,0.583333333333,0.658536585366,0.577405857741,0.640718562874,22.936387588
1850,0.11804787764,0.123636515175,0.117367785533,0.579598145286,0.546296296296,0.583333333333,0.672289156627,0.662068965517,0.677419354839,23.078691422
1860,0.11678141198,0.122405324672,0.115849692016,0.601236476043,0.560185185185,0.600694444444,0.675879396985,0.654545454545,0.676056338028,23.218459053
1870,0.119858564016,0.124647288522,0.11786009614,0.588871715611,0.555555555556,0.590277777778,0.688524590164,0.677852348993,0.692708333333,23.366264061
1880,0.120076963954,0.124291665919,0.117746157218,0.596599690881,0.550925925926,0.625,0.517560073937,0.445714285714,0.571428571429,23.567074476
1890,0.117260701863,0.122090541679,0.11590162458,0.584234930448,0.564814814815,0.604166666667,0.661635220126,0.656934306569,0.677966101695,23.737276285
1900,0.117036004546,0.122156187228,0.1155622747,0.604327666151,0.537037037037,0.597222222222,0.650273224044,0.579831932773,0.654761904762,23.920390431
1910,0.11738814051,0.123635611271,0.116318002517,0.601236476043,0.527777777778,0.597222222222,0.651351351351,0.581967213115,0.656804733728,24.079979909
1920,0.116855380855,0.121884297135,0.115547747979,0.604327666151,0.537037037037,0.607638888889,0.652173913043,0.586776859504,0.660660660661,24.258021065
1930,0.116630433422,0.123331251508,0.115488949798,0.599690880989,0.541666666667,0.611111111111,0.655126498003,0.611764705882,0.664670658683,24.402601198
1940,0.120853176531,0.127514491939,0.119850825879,0.568778979907,0.555555555556,0.579861111111,0.670602125148,0.675675675676,0.679045092838,24.529690161
1950,0.117539243331,0.122710596026,0.115922068673,0.588871715611,0.541666666667,0.611111111111,0.664987405542,0.634686346863,0.681818181818,24.64236012
1960,0.118295177557,0.123718829759,0.116867473859,0.590417310665,0.550925925926,0.59375,0.679564691657,0.659649122807,0.679452054795,24.760505977
1970,0.118088474149,0.123654316303,0.116551293585,0.584234930448,0.550925925926,0.607638888889,0.66078184111,0.639405204461,0.674351585014,24.876503469
1980,0.11887877754,0.123509898207,0.116748897032,0.582689335394,0.560185185185,0.607638888889,0.666666666667,0.661921708185,0.686980609418,24.986802175
1990,0.119451818031,0.124737646634,0.11765629904,0.588871715611,0.560185185185,0.59375,0.676399026764,0.666666666667,0.681198910082,25.106775648
2000,0.11916927683,0.124102425148,0.117075458661,0.578052550232,0.560185185185,0.614583333333,0.6600249066,0.657039711191,0.681948424069,25.239571251
2010,0.121614307236,0.126394846317,0.118232401152,0.598145285935,0.560185185185,0.607638888889,0.690476190476,0.6735395189,0.695417789757,25.366021102
2020,0.119089353716,0.124730544708,0.118948210296,0.601236476043,0.546296296296,0.583333333333,0.644628099174,0.570175438596,0.627329192547,25.49119259
2030,0.119542659402,0.123448446838,0.117449554182,0.590417310665,0.569444444444,0.604166666667,0.674846625767,0.671378091873,0.688524590164,25.639430948
2040,0.130082742443,0.133341777688,0.125716131483,0.531684698609,0.550925925926,0.545138888889,0.689230769231,0.703363914373,0.697459584296,25.783403994
2050,0.117789137926,0.122429211853,0.115672485984,0.593508500773,0.564814814815,0.614583333333,0.672478206725,0.659420289855,0.683760683761,25.940778279
2060,0.119666549825,0.124559172851,0.117237611762,0.596599690881,0.574074074074,0.586805555556,0.687425149701,0.678321678322,0.679245283019,26.083269329
2070,0.118819302737,0.123321304293,0.116468243297,0.593508500773,0.583333333333,0.607638888889,0.679658952497,0.68085106383,0.690410958904,26.207538935
2080,0.11797139167,0.122662697289,0.11591430236,0.593508500773,0.574074074074,0.597222222222,0.681212121212,0.673758865248,0.67955801105,26.344069716
2090,0.11882056755,0.122871060521,0.116295428032,0.587326120556,0.550925925926,0.590277777778,0.681003584229,0.662020905923,0.682795698925,26.542913954
2100,0.116467733452,0.120818121847,0.114939008205,0.613601236476,0.555555555556,0.600694444444,0.63976945245,0.578947368421,0.630225080386,26.803815933
2110,0.120562948363,0.125289330759,0.11801750111,0.579598145286,0.550925925926,0.579861111111,0.679245283019,0.666666666667,0.68073878628,26.971108377
2120,0.124101356246,0.129168847226,0.121992918062,0.571870170015,0.560185185185,0.576388888889,0.684869169511,0.686468646865,0.687179487179,27.0819408
2130,0.117926380116,0.121351301087,0.116018261473,0.601236476043,0.541666666667,0.607638888889,0.630372492837,0.582278481013,0.64126984127,27.19351406
2140,0.121468146099,0.125704272938,0.122137595925,0.605873261206,0.541666666667,0.569444444444,0.562607204117,0.453038674033,0.511811023622,27.320485732
2150,0.117814789969,0.121213324785,0.116257030618,0.595054095827,0.592592592593,0.614583333333,0.650666666667,0.661538461538,0.656346749226,27.439611506
2160,0.120886939902,0.1256571378,0.121023984809,0.608964451314,0.546296296296,0.59375,0.571912013536,0.47311827957,0.551724137931,27.563735486
2170,0.116795310803,0.121387208596,0.114961715725,0.602782071097,0.574074074074,0.638888888889,0.623718887262,0.59649122807,0.651006711409,27.681112534
2180,0.117055950898,0.122226419873,0.114878520828,0.610510046368,0.583333333333,0.638888888889,0.618181818182,0.579439252336,0.643835616438,27.793675014
2190,0.119231699903,0.123150892677,0.1181088883,0.618238021638,0.560185185185,0.614583333333,0.573402417962,0.475138121547,0.557768924303,27.904136914
2200,0.120646712486,0.123961744876,0.119579395524,0.55486862442,0.518518518519,0.545138888889,0.647921760391,0.631205673759,0.6391184573,28.014718374
2210,0.123962797851,0.127644958991,0.12307573415,0.539412673879,0.518518518519,0.538194444444,0.666666666667,0.646258503401,0.668329177057,28.125936686
2220,0.117834542674,0.122144302265,0.116326066399,0.618238021638,0.578703703704,0.628472222222,0.587646076795,0.502732240437,0.580392156863,28.240746079
2230,0.121751981814,0.125980051165,0.120879541893,0.588871715611,0.532407407407,0.5625,0.536585365854,0.459893048128,0.5,28.347926939
2240,0.117135965218,0.123050907405,0.116215498245,0.608964451314,0.537037037037,0.59375,0.629575402635,0.54954954955,0.623794212219,28.461840889
2250,0.119882744758,0.122814182748,0.118595409206,0.591962905719,0.518518518519,0.590277777778,0.618497109827,0.53982300885,0.621794871795,28.571431664
2260,0.118206749487,0.123189974711,0.116733637905,0.604327666151,0.541666666667,0.604166666667,0.609756097561,0.521739130435,0.612244897959,28.693426881
2270,0.119439053323,0.122803322564,0.117276402245,0.559505409583,0.518518518519,0.597222222222,0.669756662804,0.646258503401,0.699481865285,28.854974276
2280,0.118830075058,0.12255468316,0.117030501296,0.595054095827,0.527777777778,0.600694444444,0.636111111111,0.581967213115,0.646153846154,29.004978083
2290,0.119354070549,0.123362182027,0.116804398441,0.58114374034,0.550925925926,0.59375,0.6723095526,0.659649122807,0.689655172414,29.121266548
2300,0.118818699178,0.125388600148,0.118518069873,0.584234930448,0.527777777778,0.565972222222,0.639892904953,0.585365853659,0.629080118694,29.267154739
2310,0.119514972485,0.125329423615,0.11778713364,0.584234930448,0.541666666667,0.590277777778,0.679380214541,0.652631578947,0.682795698925,29.386061102
2320,0.117836816057,0.12327622332,0.116048286681,0.578052550232,0.527777777778,0.611111111111,0.616033755274,0.55652173913,0.660606060606,29.516475891
2330,0.117944479795,0.123236534171,0.11541407115,0.596599690881,0.550925925926,0.604166666667,0.678175092478,0.649819494585,0.686813186813,29.65154811
2340,0.118194764159,0.12141736275,0.115016307664,0.584234930448,0.541666666667,0.607638888889,0.631001371742,0.595918367347,0.662686567164,29.799303874
2350,0.119084862569,0.123249160775,0.116638954024,0.591962905719,0.546296296296,0.604166666667,0.671641791045,0.647482014388,0.683333333333,29.927598096
2360,0.119382562292,0.12308898038,0.116602119365,0.579598145286,0.564814814815,0.59375,0.672289156627,0.669014084507,0.686327077748,30.047841855
2370,0.117934100928,0.119680669875,0.115692849381,0.571870170015,0.550925925926,0.576388888889,0.636959370904,0.622568093385,0.649425287356,30.211506162
2380,0.120055012939,0.12502235324,0.118575762407,0.565687789799,0.518518518519,0.569444444444,0.681766704417,0.651006711409,0.685279187817,30.398670456
2390,0.122822732146,0.12700708476,0.120626567668,0.553323029366,0.527777777778,0.565972222222,0.685527747552,0.677215189873,0.694376528117,30.587472424
2400,0.115567741188,0.120864819688,0.113002706224,0.60741885626,0.578703703704,0.635416666667,0.639204545455,0.616033755274,0.666666666667,30.75395429
2410,0.120478572898,0.124353198147,0.117723564132,0.557959814529,0.532407407407,0.579861111111,0.674259681093,0.66220735786,0.692111959288,30.909158636
2420,0.117438987103,0.121300494405,0.114441197719,0.602782071097,0.583333333333,0.618055555556,0.608828006088,0.587155963303,0.618055555556,31.051725805
2430,0.118904436953,0.1222902809,0.117336153286,0.567233384853,0.513888888889,0.590277777778,0.632545931759,0.574898785425,0.66091954023,31.194464525
2440,0.120758781098,0.121801527503,0.118208293484,0.537867078825,0.532407407407,0.559027777778,0.677454153182,0.671009771987,0.692493946731,31.328544794
2450,0.116101120001,0.118084894701,0.114645742601,0.576506955178,0.592592592593,0.569444444444,0.665036674817,0.674074074074,0.671957671958,31.458692231
2460,0.119111147704,0.122609086037,0.116539645048,0.593508500773,0.555555555556,0.604166666667,0.570962479608,0.52,0.604166666667,31.577339896
2470,0.116821937547,0.119690709897,0.115283658838,0.570324574961,0.555555555556,0.576388888889,0.670616113744,0.657142857143,0.677248677249,31.697735019
2480,0.118598432777,0.121435301832,0.116708626777,0.562596599691,0.546296296296,0.555555555556,0.678043230944,0.666666666667,0.68,31.807970565
2490,0.116729296341,0.120019957625,0.115100683701,0.564142194745,0.550925925926,0.565972222222,0.662679425837,0.652329749104,0.67018469657,31.924156648
2500,0.121013441977,0.123181588221,0.117778995255,0.565687789799,0.560185185185,0.569444444444,0.686733556299,0.686468646865,0.69756097561,32.03258376
2510,0.116351291787,0.12187738582,0.11367589042,0.590417310665,0.550925925926,0.604166666667,0.6699875467,0.652329749104,0.688524590164,32.145024249
2520,0.117210354681,0.120687930075,0.114396584147,0.567233384853,0.550925925926,0.586805555556,0.665871121718,0.664359861592,0.686015831135,32.259306439
2530,0.117546665609,0.122581993619,0.113967437991,0.602782071097,0.587962962963,0.638888888889,0.678347934919,0.673992673993,0.694117647059,32.375327535
2540,0.119290917563,0.121667083372,0.116453759611,0.568778979907,0.541666666667,0.576388888889,0.669822485207,0.655052264808,0.675531914894,32.488178941
2550,0.118009658308,0.121104250701,0.113926044801,0.595054095827,0.560185185185,0.618055555556,0.673316708229,0.659498207885,0.694444444444,32.605805321
2560,0.116738938521,0.12137743439,0.114092742955,0.576506955178,0.546296296296,0.614583333333,0.663390663391,0.654929577465,0.697547683924,32.716049137
2570,0.115274119183,0.120340105146,0.111740668989,0.619783616692,0.574074074074,0.642361111111,0.671122994652,0.640625,0.688821752266,32.835234704
2580,0.116001827988,0.121114353696,0.112506333495,0.602782071097,0.550925925926,0.618055555556,0.670089858793,0.639405204461,0.685714285714,32.944742706
2590,0.115152234719,0.120112475228,0.112551764321,0.605873261206,0.564814814815,0.611111111111,0.670116429495,0.643939393939,0.687150837989,33.058859009
2600,0.116018136375,0.119398832846,0.113307811095,0.584234930448,0.569444444444,0.586805555556,0.663329161452,0.659340659341,0.679245283019,33.181187459
2610,0.115583637083,0.119525951458,0.113308982307,0.605873261206,0.560185185185,0.628472222222,0.640338504937,0.57399103139,0.672782874618,33.302994436
2620,0.115976365579,0.119721878542,0.113624182476,0.591962905719,0.546296296296,0.604166666667,0.660668380463,0.631578947368,0.685082872928,33.427970999
2630,0.114728771776,0.119708663334,0.112378879964,0.624420401855,0.583333333333,0.607638888889,0.662030598053,0.625,0.660660660661,33.546656159
2640,0.116362576,0.118551134869,0.112557306135,0.591962905719,0.569444444444,0.600694444444,0.672456575682,0.661818181818,0.679665738162,33.660282599
2650,0.11554610109,0.118556937056,0.111886355559,0.627511591963,0.597222222222,0.638888888889,0.62980030722,0.583732057416,0.638888888889,33.777494242
2660,0.11501508531,0.118557967785,0.112613226857,0.61514683153,0.546296296296,0.628472222222,0.654646324549,0.581196581197,0.682492581602,33.889886193
2670,0.115285244904,0.118645579431,0.11138456913,0.61514683153,0.587962962963,0.642361111111,0.647807637907,0.627615062762,0.677115987461,34.001783647
2680,0.122464713169,0.126055208256,0.118828547863,0.564142194745,0.546296296296,0.590277777778,0.675115207373,0.664383561644,0.697435897436,34.116499485
2690,0.114640316659,0.117643906078,0.112025396325,0.627511591963,0.569444444444,0.611111111111,0.673883626522,0.620408163265,0.672514619883,34.235789764
2700,0.122518801879,0.126935600338,0.118084993016,0.585780525502,0.560185185185,0.611111111111,0.684705882353,0.6735395189,0.705263157895,34.343777386
2710,0.116325904427,0.119422376306,0.112138073309,0.599690880989,0.597222222222,0.631944444444,0.667522464698,0.681318681319,0.690058479532,34.459105583
2720,0.122127522397,0.124803425771,0.120005999793,0.545595054096,0.555555555556,0.555555555556,0.684549356223,0.686274509804,0.692307692308,34.574043375
2730,0.123352232802,0.126876405809,0.120410815089,0.556414219474,0.546296296296,0.569444444444,0.688382193268,0.679738562092,0.699029126214,34.690641988
2740,0.12596624376,0.128964629802,0.121897584063,0.54714064915,0.537037037037,0.541666666667,0.692549842602,0.685534591195,0.688679245283,34.803207183
2750,0.121337743426,0.12515845155,0.117855167846,0.567233384853,0.546296296296,0.590277777778,0.688195991091,0.675496688742,0.70351758794,34.913636581
2760,0.122500272481,0.124983453728,0.118486581815,0.565687789799,0.550925925926,0.576388888889,0.688124306326,0.679867986799,0.696517412935,35.03157916
2770,0.124295067632,0.127807465394,0.119815297225,0.565687789799,0.550925925926,0.586805555556,0.686033519553,0.677740863787,0.700251889169,35.151654866
2780,0.121659227873,0.124799215524,0.118388896808,0.568778979907,0.555555555556,0.579861111111,0.686868686869,0.677852348993,0.695214105793,35.268438359
2790,0.122354766702,0.125712483081,0.118474461609,0.565687789799,0.555555555556,0.59375,0.682485875706,0.68,0.703797468354,35.386858648
2800,0.122539077187,0.125528995122,0.120051250943,0.562596599691,0.546296296296,0.565972222222,0.687982359427,0.677631578947,0.694376528117,35.504673151
2810,0.121873289381,0.125927371161,0.118279700274,0.585780525502,0.560185185185,0.611111111111,0.691244239631,0.675767918089,0.708333333333,35.633045523
2820,0.117308344872,0.121001226665,0.113692788195,0.605873261206,0.574074074074,0.614583333333,0.690157958688,0.676056338028,0.697547683924,35.750998466
2830,0.117563408663,0.122705690881,0.113217659272,0.60741885626,0.569444444444,0.631944444444,0.666666666667,0.6463878327,0.676829268293,35.874823234
2840,0.120922115901,0.125294739409,0.117054603354,0.591962905719,0.550925925926,0.607638888889,0.685714285714,0.666666666667,0.700265251989,35.988135508
2850,0.118197632382,0.123139584489,0.114179381316,0.608964451314,0.564814814815,0.642361111111,0.674388674389,0.649253731343,0.694362017804,36.097111826
2860,0.117547725134,0.122380328751,0.112995581971,0.60741885626,0.574074074074,0.638888888889,0.674358974359,0.65671641791,0.692307692308,36.216485809
2870,0.116355766565,0.119767302023,0.112427542273,0.624420401855,0.592592592593,0.625,0.659186535764,0.63025210084,0.664596273292,36.372642767
2880,0.129329494895,0.135357682474,0.124629200098,0.578052550232,0.546296296296,0.590277777778,0.691525423729,0.679738562092,0.70202020202,36.535723885
2890,0.116355501165,0.119809901711,0.112754178626,0.61514683153,0.583333333333,0.635416666667,0.66844207723,0.656488549618,0.678899082569,36.681672773
2900,0.117255696356,0.121183407456,0.114272529526,0.610510046368,0.550925925926,0.600694444444,0.623880597015,0.568888888889,0.604810996564,36.801412486
2910,0.116527544195,0.121946253588,0.113829432821,0.621329211747,0.597222222222,0.59375,0.62249614792,0.591549295775,0.586572438163,36.915125364
2920,0.117315119414,0.121795363521,0.114679500565,0.61514683153,0.546296296296,0.600694444444,0.612752721617,0.537735849057,0.593639575972,37.020440624
2930,0.117753908269,0.120955076288,0.114866570531,0.610510046368,0.569444444444,0.59375,0.613496932515,0.567441860465,0.595155709343,37.133309213
2940,0.117376846007,0.119847822472,0.113537560407,0.602782071097,0.569444444444,0.628472222222,0.647462277092,0.632411067194,0.664576802508,37.245657049
2950,0.118261220702,0.121455832614,0.114967413852,0.598145285935,0.569444444444,0.59375,0.657894736842,0.6463878327,0.674094707521,37.362419152
2960,0.116787700747,0.120007578155,0.112968289398,0.605873261206,0.564814814815,0.625,0.664031620553,0.643939393939,0.680473372781,37.473335208
2970,0.118385752668,0.11904938914,0.114680901607,0.593508500773,0.583333333333,0.597222222222,0.66411238825,0.666666666667,0.674157303371,37.580993455
2980,0.116120579059,0.119670603895,0.112363478606,0.616692426584,0.574074074074,0.618055555556,0.668449197861,0.648854961832,0.668674698795,37.688831052
2990,0.117134529009,0.119676311052,0.11344283076,0.602782071097,0.592592592593,0.600694444444,0.646492434663,0.653543307087,0.646153846154,37.795526421
3000,0.116756881261,0.118648775151,0.112672080998,0.608964451314,0.578703703704,0.614583333333,0.668414154653,0.656603773585,0.67638483965,37.905562747
3010,0.118286994896,0.12041048312,0.114989313773,0.596599690881,0.592592592593,0.583333333333,0.657929226737,0.666666666667,0.659090909091,38.015166606
3020,0.11855474865,0.120516635758,0.11517316879,0.605873261206,0.574074074074,0.597222222222,0.623338257016,0.589285714286,0.623376623377,38.130610649
3030,0.117430748522,0.119766266058,0.113840835962,0.61514683153,0.574074074074,0.59375,0.652719665272,0.619834710744,0.626198083067,38.24543511
3040,0.118241789895,0.119003934189,0.114397181515,0.596599690881,0.592592592593,0.614583333333,0.660598179454,0.671641791045,0.678260869565,38.359796222
3050,0.118338404101,0.11921256831,0.114203031742,0.596599690881,0.601851851852,0.597222222222,0.644897959184,0.65873015873,0.650602409639,38.470488745
3060,0.120930135213,0.121521263633,0.117184860554,0.57341576507,0.587962962963,0.611111111111,0.684210526316,0.698305084746,0.709844559585,38.581555723
3070,0.117714328145,0.119876939854,0.11359148678,0.596599690881,0.592592592593,0.604166666667,0.631875881523,0.642276422764,0.636942675159,38.691885937
3080,0.117798246463,0.118949997942,0.113731008911,0.612055641422,0.592592592593,0.618055555556,0.643971631206,0.642276422764,0.645161290323,38.863265841
3090,0.117351000319,0.118387184289,0.113056935565,0.595054095827,0.597222222222,0.611111111111,0.6391184573,0.647773279352,0.654320987654,39.014077613
3100,0.117440542484,0.118069397373,0.113336565902,0.595054095827,0.592592592593,0.600694444444,0.644986449864,0.650793650794,0.650455927052,39.131901045
3110,0.118865825086,0.119699645801,0.11443332357,0.593508500773,0.601851851852,0.604166666667,0.636237897649,0.656,0.641509433962,39.249484195
3120,0.117976989784,0.119279306317,0.114045130677,0.590417310665,0.583333333333,0.611111111111,0.649006622517,0.6484375,0.660606060606,39.367887401
3130,0.1200603354,0.121140253936,0.115912586392,0.596599690881,0.611111111111,0.600694444444,0.595348837209,0.628318584071,0.602076124567,39.48183548
3140,0.121219296363,0.121839999744,0.117048796399,0.588871715611,0.597222222222,0.597222222222,0.583072100313,0.613333333333,0.591549295775,39.59002088
3150,0.1228479502,0.12179123714,0.118686779935,0.591962905719,0.597222222222,0.604166666667,0.518248175182,0.544502617801,0.540322580645,39.709587121
3160,0.120876641409,0.11934213181,0.117068845309,0.574961360124,0.569444444444,0.618055555556,0.528301886792,0.541871921182,0.595588235294,39.820465662
3170,0.117637233349,0.117971518306,0.113201406691,0.584234930448,0.569444444444,0.614583333333,0.629986244842,0.629482071713,0.658461538462,39.932355579
3180,0.11925348368,0.11999315766,0.114914566173,0.585780525502,0.592592592593,0.59375,0.616045845272,0.642276422764,0.621359223301,40.047728531
3190,0.119086490491,0.118643738796,0.115221513334,0.584234930448,0.601851851852,0.59375,0.637954239569,0.666666666667,0.644376899696,40.161350725
3200,0.125708523779,0.122790102543,0.121021333095,0.534775888717,0.569444444444,0.569444444444,0.341356673961,0.422360248447,0.420560747664,40.269284368
3210,0.119526858404,0.120776446921,0.11569942808,0.598145285935,0.592592592593,0.614583333333,0.635854341737,0.645161290323,0.652037617555,40.377155009
3220,0.119265562184,0.120382359801,0.115930024515,0.596599690881,0.611111111111,0.600694444444,0.628733997155,0.655737704918,0.632587859425,40.488645684
3230,0.118488413297,0.11912776245,0.114814615907,0.595054095827,0.578703703704,0.597222222222,0.656167979003,0.656603773585,0.658823529412,40.600597616
3240,0.11749411766,0.118412444579,0.114741233926,0.618238021638,0.601851851852,0.59375,0.652601969058,0.644628099174,0.623794212219,40.731353488
3250,0.118834927333,0.120385775877,0.115319468591,0.598145285935,0.587962962963,0.59375,0.652406417112,0.650980392157,0.642201834862,40.850295593
3260,0.117540701204,0.118183598721,0.11486820704,0.60741885626,0.583333333333,0.604166666667,0.654891304348,0.645669291339,0.65243902439,40.96495193
3270,0.116909604886,0.117078215147,0.11409875451,0.61514683153,0.578703703704,0.631944444444,0.653685674548,0.625514403292,0.664556962025,41.078848296
3280,0.119641058584,0.118306657378,0.116185344824,0.601236476043,0.597222222222,0.59375,0.614925373134,0.620087336245,0.603389830508,41.184795234
3290,0.119255080745,0.117911025135,0.115606021425,0.595054095827,0.587962962963,0.621527777778,0.660621761658,0.671586715867,0.685878962536,41.29210767
3300,0.118164117615,0.118642695499,0.115993504451,0.619783616692,0.564814814815,0.621527777778,0.661157024793,0.611570247934,0.660436137072,41.420957979
3310,0.118662195924,0.119724344217,0.116109347961,0.596599690881,0.601851851852,0.611111111111,0.65703022339,0.683823529412,0.670588235294,41.535962522
3320,0.117904682963,0.117595718195,0.114815683393,0.608964451314,0.587962962963,0.607638888889,0.657645466847,0.648221343874,0.652307692308,41.649085644
3330,0.120226558623,0.119899983177,0.117778760976,0.599690880989,0.574074074074,0.607638888889,0.677459526775,0.673758865248,0.681690140845,41.761726533
3340,0.118958854995,0.118549851675,0.115273234244,0.599690880989,0.592592592593,0.618055555556,0.65327978581,0.664122137405,0.670658682635,41.874296006
3350,0.11948589948,0.120638641849,0.1170612736,0.595054095827,0.583333333333,0.600694444444,0.64402173913,0.642857142857,0.648318042813,41.985018002
3360,0.118774984698,0.118731476801,0.115976074833,0.599690880989,0.592592592593,0.597222222222,0.639777468707,0.645161290323,0.632911392405,42.0993852
3370,0.119390562176,0.118491559323,0.116379302872,0.598145285935,0.597222222222,0.583333333333,0.644808743169,0.653386454183,0.625,42.207434436
3380,0.122396004365,0.121718707608,0.119778897148,0.568778979907,0.601851851852,0.586805555556,0.526315789474,0.582524271845,0.540540540541,42.320402337
3390,0.118800586263,0.118393131488,0.115474999495,0.596599690881,0.597222222222,0.604166666667,0.645861601085,0.658823529412,0.650306748466,42.447411912
3400,0.119842888159,0.119274152011,0.115282626499,0.602782071097,0.564814814815,0.614583333333,0.666666666667,0.651851851852,0.672566371681,42.593743805
3410,0.118925299264,0.117988182978,0.115063895742,0.596599690881,0.587962962963,0.59375,0.646820027064,0.650980392157,0.635514018692,42.721748417
3420,0.118635494298,0.116589473446,0.115023621057,0.608964451314,0.597222222222,0.600694444444,0.635971223022,0.629787234043,0.622950819672,42.877567526
3430,0.118638818796,0.11834086047,0.115675434861,0.595054095827,0.587962962963,0.597222222222,0.646900269542,0.659003831418,0.646341463415,42.999985034
3440,0.117511747864,0.116444598032,0.113797327203,0.60741885626,0.592592592593,0.597222222222,0.643258426966,0.63025210084,0.628205128205,43.110129476
3450,0.123234014985,0.120445160385,0.119275652859,0.55486862442,0.592592592593,0.579861111111,0.402489626556,0.482352941176,0.462222222222,43.217757215
3460,0.120779250911,0.117604235947,0.116039353737,0.568778979907,0.569444444444,0.618055555556,0.538842975207,0.550724637681,0.592592592593,43.333176539
3470,0.119468210756,0.118293346611,0.115205010235,0.596599690881,0.606481481481,0.604166666667,0.643929058663,0.666666666667,0.648148148148,43.44060334
3480,0.11881108543,0.117446355863,0.114524034237,0.596599690881,0.611111111111,0.604166666667,0.652463382157,0.674418604651,0.654545454545,43.551418079
3490,0.124554094913,0.122716254258,0.11769920112,0.591962905719,0.564814814815,0.631944444444,0.661538461538,0.659420289855,0.693641618497,43.659696158
3500,0.118454359894,0.115508793012,0.114021110999,0.598145285935,0.625,0.59375,0.625360230548,0.663900414938,0.623794212219,43.77411957
3510,0.118648904201,0.115564319437,0.113982988196,0.598145285935,0.611111111111,0.625,0.633802816901,0.661290322581,0.658227848101,43.888383414
3520,0.118140466159,0.115513815563,0.113928365627,0.601236476043,0.615740740741,0.604166666667,0.639664804469,0.663967611336,0.636942675159,44.00673587
3530,0.120036814149,0.116343718858,0.115665400019,0.58114374034,0.611111111111,0.600694444444,0.616690240453,0.661290322581,0.639498432602,44.118370526
3540,0.119705352979,0.11646401795,0.116000306518,0.584234930448,0.587962962963,0.579861111111,0.607299270073,0.630705394191,0.610932475884,44.228218937
3550,0.119693926761,0.115425842283,0.114556533406,0.582689335394,0.606481481481,0.625,0.635135135135,0.67680608365,0.678571428571,44.338748576
3560,0.11952673716,0.11567296688,0.115228863661,0.598145285935,0.601851851852,0.607638888889,0.658792650919,0.674242424242,0.67055393586,44.454855829
3570,0.120519034044,0.118443457326,0.11518624327,0.587326120556,0.592592592593,0.618055555556,0.648221343874,0.669172932331,0.676470588235,44.563505882
3580,0.119263978388,0.116364503552,0.114451448551,0.579598145286,0.606481481481,0.590277777778,0.620111731844,0.658634538153,0.635802469136,44.673086939
3590,0.119270916659,0.115686065622,0.114150073562,0.596599690881,0.611111111111,0.607638888889,0.642954856361,0.669291338583,0.656534954407,44.785280919
3600,0.119312781316,0.115374999689,0.114250015835,0.58114374034,0.615740740741,0.614583333333,0.6292749658,0.677042801556,0.662613981763,44.894929668
3610,0.121641826233,0.115180177249,0.11628913121,0.584234930448,0.597222222222,0.597222222222,0.591805766313,0.632911392405,0.608108108108,45.001923688
3620,0.118407528662,0.114576135726,0.114430712722,0.587326120556,0.606481481481,0.604166666667,0.641610738255,0.671814671815,0.656626506024,45.113403398
3630,0.120359255443,0.115157013271,0.115338908119,0.570324574961,0.611111111111,0.607638888889,0.628342245989,0.681818181818,0.662686567164,45.223579116
3640,0.120742399756,0.115428244994,0.115616468757,0.570324574961,0.592592592593,0.600694444444,0.624324324324,0.664122137405,0.654654654655,45.335917398
3650,0.12124365824,0.115550406153,0.116041766066,0.574961360124,0.592592592593,0.600694444444,0.631860776439,0.664122137405,0.65671641791,45.447899317
3660,0.119548862787,0.114901077148,0.114976900207,0.578052550232,0.597222222222,0.614583333333,0.626538987688,0.664092664093,0.662613981763,45.558476204
3670,0.120571959252,0.115252456,0.115467519994,0.567233384853,0.601851851852,0.614583333333,0.622641509434,0.671755725191,0.664652567976,45.669861944
3680,0.122664000145,0.116136334662,0.11755755328,0.550231839258,0.634259259259,0.611111111111,0.517412935323,0.639269406393,0.597122302158,45.777384235
3690,0.118795526798,0.11543325644,0.114466309374,0.593508500773,0.638888888889,0.621527777778,0.617176128093,0.675,0.656151419558,45.888257511
3700,0.119293366771,0.11481724927,0.114197247128,0.591962905719,0.611111111111,0.611111111111,0.635359116022,0.671875,0.656441717791,45.998264428
3710,0.121014949817,0.115375055161,0.116524670492,0.553323029366,0.634259259259,0.618055555556,0.5376,0.645739910314,0.615384615385,46.113220563
3720,0.120614973403,0.115158282531,0.114797781567,0.564142194745,0.611111111111,0.597222222222,0.57012195122,0.64406779661,0.623376623377,46.227113362
3730,0.120776810977,0.116632847358,0.116786162913,0.568778979907,0.62962962963,0.618055555556,0.497297297297,0.60396039604,0.583333333333,46.337201108
3740,0.121097490698,0.117610951042,0.116654131983,0.578052550232,0.62037037037,0.611111111111,0.630581867388,0.684615384615,0.660606060606,46.452149133
3750,0.119722573075,0.115579980484,0.115338590403,0.582689335394,0.62037037037,0.625,0.542372881356,0.605769230769,0.6,46.564018342
3760,0.119920603346,0.116080067448,0.114970755109,0.584234930448,0.615740740741,0.614583333333,0.625869262865,0.674509803922,0.662613981763,46.670946083
3770,0.118826197301,0.115903855551,0.114676027926,0.576506955178,0.611111111111,0.597222222222,0.626702997275,0.669291338583,0.650602409639,46.784829755
3780,0.119354960067,0.115565520449,0.114266721179,0.57341576507,0.606481481481,0.631944444444,0.618784530387,0.674329501916,0.674846625767,46.89822883
3790,0.120066731668,0.116014853662,0.115107607129,0.570324574961,0.625,0.611111111111,0.614958448753,0.684824902724,0.660606060606,47.013289589
3800,0.120905880769,0.116136471315,0.115604964245,0.562596599691,0.611111111111,0.611111111111,0.607489597781,0.671875,0.656441717791,47.122972349
3810,0.121424072815,0.117569953835,0.115845548144,0.571870170015,0.601851851852,0.611111111111,0.580937972769,0.641666666667,0.624161073826,47.242749074
3820,0.122391635871,0.117104961142,0.117649097794,0.564142194745,0.592592592593,0.607638888889,0.6328125,0.674074074074,0.66862170088,47.355298895
3830,0.123071110516,0.116594560087,0.117581090957,0.551777434312,0.601851851852,0.597222222222,0.608108108108,0.671755725191,0.644171779141,47.475600614
3840,0.122297933319,0.116529838246,0.115671541708,0.582689335394,0.601851851852,0.607638888889,0.607558139535,0.65873015873,0.636655948553,47.585969895
3850,0.124654968105,0.117247999659,0.119433559376,0.551777434312,0.606481481481,0.590277777778,0.569732937685,0.65306122449,0.609271523179,47.692781959
3860,0.122228160731,0.116689064213,0.116380632571,0.565687789799,0.578703703704,0.611111111111,0.618724559023,0.648648648649,0.654320987654,47.803259287
3870,0.122416369594,0.115786932612,0.116771094379,0.562596599691,0.611111111111,0.611111111111,0.613915416098,0.671875,0.658536585366,47.913068186
3880,0.122449728055,0.11687207389,0.115865337459,0.574961360124,0.597222222222,0.614583333333,0.596182085169,0.647773279352,0.63606557377,48.02240465
3890,0.121771408301,0.115766027066,0.115792134705,0.579598145286,0.601851851852,0.611111111111,0.635388739946,0.661417322835,0.660606060606,48.1291913
3900,0.121756054604,0.115673123972,0.115381226796,0.570324574961,0.625,0.621527777778,0.616022099448,0.687258687259,0.664615384615,48.244392325
3910,0.119550607516,0.115006431328,0.114332444274,0.574961360124,0.62037037037,0.625,0.633821571238,0.691729323308,0.680473372781,48.354495909
3920,0.123093763666,0.117503621055,0.117288006758,0.545595054096,0.597222222222,0.59375,0.643203883495,0.6925795053,0.682926829268,48.465532483
3930,0.12175711447,0.116199705039,0.116422644147,0.551777434312,0.597222222222,0.600694444444,0.623376623377,0.671698113208,0.66472303207,48.574083443
3940,0.124674072552,0.119735782168,0.118541723678,0.550231839258,0.574074074074,0.583333333333,0.668941979522,0.689189189189,0.69696969697,48.687059248
3950,0.126682170743,0.117286160767,0.121234330463,0.55486862442,0.606481481481,0.565972222222,0.5,0.593301435407,0.501992031873,48.794751405
3960,0.122530240303,0.117301676252,0.117321995069,0.548686244204,0.592592592593,0.607638888889,0.586402266289,0.653543307087,0.638977635783,48.908265941
3970,0.122188747584,0.11660881417,0.11654936014,0.561051004637,0.606481481481,0.635416666667,0.595441595442,0.658634538153,0.668769716088,49.01582454
3980,0.122048387473,0.11657705364,0.117357817295,0.551777434312,0.615740740741,0.604166666667,0.594972067039,0.669322709163,0.654545454545,49.127251526
3990,0.121180143698,0.116627848671,0.115894024088,0.559505409583,0.601851851852,0.604166666667,0.641509433962,0.688405797101,0.677966101695,49.245913527
4000,0.1201144947,0.116685715318,0.115894794427,0.565687789799,0.611111111111,0.576388888889,0.655214723926,0.702127659574,0.67027027027,49.393177859
4010,0.120412444032,0.116711105946,0.116034449362,0.570324574961,0.601851851852,0.576388888889,0.647208121827,0.688405797101,0.661111111111,49.522490843
4020,0.121482472824,0.116770837802,0.116766285541,0.584234930448,0.652777777778,0.611111111111,0.547899159664,0.63768115942,0.578947368421,49.640068003
4030,0.123146646973,0.118194843474,0.118280380121,0.576506955178,0.62037037037,0.604166666667,0.522648083624,0.605769230769,0.568181818182,49.753780633
4040,0.120980902448,0.115250498788,0.115506318277,0.559505409583,0.615740740741,0.607638888889,0.630350194553,0.689138576779,0.672463768116,49.862877844
4050,0.120573687268,0.114828248051,0.114969284933,0.557959814529,0.625,0.600694444444,0.629533678756,0.696629213483,0.670487106017,49.975724769
4060,0.120901323871,0.115943313912,0.11538648903,0.565687789799,0.62962962963,0.59375,0.644753476612,0.710144927536,0.674094707521,50.089831364
4070,0.122301882202,0.117241001004,0.116861598362,0.587326120556,0.597222222222,0.614583333333,0.542024013722,0.587677725118,0.587360594796,50.199896633
4080,0.12537176213,0.1160287226,0.120357208326,0.525502318393,0.625,0.545138888889,0.511923688394,0.636771300448,0.546712802768,50.309317798
4090,0.120748320013,0.115135389487,0.115110753453,0.561051004637,0.615740740741,0.600694444444,0.634020618557,0.691449814126,0.672364672365,50.421270509
4100,0.120300811559,0.115184346091,0.115438535955,0.557959814529,0.625,0.59375,0.6425,0.707581227437,0.672268907563,50.532825311
4110,0.12168299536,0.114492220669,0.116410631385,0.557959814529,0.62962962963,0.597222222222,0.615591397849,0.692307692308,0.654761904762,50.645309618
4120,0.121614284972,0.114907245263,0.1162676474,0.57341576507,0.638888888889,0.597222222222,0.616666666667,0.685483870968,0.648484848485,50.759276534
4130,0.120894077622,0.11475489138,0.115905797897,0.55486862442,0.611111111111,0.597222222222,0.637279596977,0.695652173913,0.672316384181,50.871047379
4140,0.121822551512,0.116680576352,0.116367671372,0.544049459042,0.592592592593,0.590277777778,0.638922888617,0.685714285714,0.686170212766,50.977817686
4150,0.124438650379,0.117171476122,0.118688085167,0.548686244204,0.601851851852,0.576388888889,0.658079625293,0.699300699301,0.682291666667,51.125348958
4160,0.123728817803,0.118389774113,0.119155235788,0.544049459042,0.601851851852,0.576388888889,0.652532391048,0.699300699301,0.678947368421,51.247978222
4170,0.124510542305,0.118758292869,0.119806729442,0.542503863988,0.592592592593,0.559027777778,0.657407407407,0.696551724138,0.671834625323,51.360268375
4180,0.121965054503,0.114110625407,0.11617023736,0.570324574961,0.625,0.59375,0.64175257732,0.70110701107,0.670422535211,51.472323434
4190,0.127967150288,0.122011046432,0.124582672044,0.539412673879,0.564814814815,0.534722222222,0.676789587852,0.694805194805,0.683962264151,51.58175228
4200,0.121285421175,0.113597964502,0.115525882986,0.559505409583,0.615740740741,0.618055555556,0.59802538787,0.674509803922,0.664634146341,51.6950424
4210,0.124061193074,0.115550611462,0.119165560648,0.530139103555,0.62037037037,0.590277777778,0.583561643836,0.674603174603,0.646706586826,51.804021624
4220,0.12773833096,0.118923671893,0.123634257351,0.544049459042,0.578703703704,0.541666666667,0.671125975474,0.695652173913,0.678048780488,51.915498838
4230,0.129143386245,0.120387702441,0.124864686934,0.534775888717,0.546296296296,0.545138888889,0.667403314917,0.675496688742,0.685851318945,52.044471738
4240,0.127017864274,0.117945920405,0.12323109483,0.533230293663,0.574074074074,0.545138888889,0.658371040724,0.687074829932,0.676543209877,52.158662757
4250,0.126021306364,0.116952061749,0.121799747916,0.556414219474,0.638888888889,0.552083333333,0.584659913169,0.675,0.565656565657,52.270499879
4260,0.12530808667,0.118552206429,0.121455819495,0.528593508501,0.569444444444,0.534722222222,0.666666666667,0.695081967213,0.676328502415,52.383210907
4270,0.127284357421,0.12138257645,0.125009751658,0.525502318393,0.555555555556,0.53125,0.66882416397,0.688311688312,0.677804295943,52.49577792
4280,0.124224125335,0.118047198337,0.121627194012,0.545595054096,0.560185185185,0.534722222222,0.674778761062,0.682274247492,0.674757281553,52.609988205
4290,0.123960469353,0.117689560783,0.120432511462,0.540958268934,0.550925925926,0.541666666667,0.663646659117,0.673400673401,0.673267326733,52.719528336
4300,0.122606910798,0.114621143042,0.119060867633,0.565687789799,0.643518518519,0.572916666667,0.610263522885,0.683127572016,0.61919504644,52.833437961
4310,0.127329886414,0.118686378297,0.124217538675,0.534775888717,0.574074074074,0.576388888889,0.478336221837,0.515789473684,0.512,52.942130774
4320,0.120950387234,0.114314612296,0.116634251669,0.556414219474,0.611111111111,0.604166666667,0.646986469865,0.693430656934,0.685082872928,53.05394472
4330,0.124178530431,0.118620672814,0.120292432739,0.544049459042,0.592592592593,0.5625,0.658959537572,0.696551724138,0.678571428571,53.163798242
4340,0.119714156779,0.114742165352,0.116513368405,0.550231839258,0.615740740741,0.572916666667,0.642066420664,0.70462633452,0.66301369863,53.274460192
4350,0.122131671519,0.115948081361,0.118718456336,0.530139103555,0.592592592593,0.565972222222,0.63981042654,0.694444444444,0.671916010499,53.398068806
4360,0.121934187091,0.11550458343,0.117984833151,0.537867078825,0.597222222222,0.565972222222,0.647820965842,0.698961937716,0.67362924282,53.510578551
4370,0.122127956334,0.117326384977,0.118912918534,0.537867078825,0.583333333333,0.569444444444,0.649472450176,0.683098591549,0.675392670157,53.64925943
4380,0.120391777429,0.115879246407,0.116285357633,0.55486862442,0.62037037037,0.590277777778,0.649635036496,0.707142857143,0.677595628415,53.75747969
4390,0.118736310549,0.114544203476,0.115101444103,0.570324574961,0.611111111111,0.607638888889,0.629333333333,0.684210526316,0.672463768116,53.863489651
4400,0.12186491899,0.116356024292,0.117768749211,0.576506955178,0.606481481481,0.607638888889,0.654911838791,0.688644688645,0.685236768802,53.971552002
4410,0.122261967396,0.11460305767,0.118071797623,0.556414219474,0.638888888889,0.590277777778,0.615796519411,0.6953125,0.644578313253,54.083974399
4420,0.126824127471,0.124314405376,0.124799587203,0.534775888717,0.555555555556,0.534722222222,0.679446219382,0.694267515924,0.680952380952,54.192901825
4430,0.120562940655,0.115327907117,0.117132899442,0.55486862442,0.601851851852,0.569444444444,0.644444444444,0.688405797101,0.653631284916,54.3056523
4440,0.121492750743,0.115704579562,0.117811775185,0.561051004637,0.615740740741,0.590277777778,0.648514851485,0.70036101083,0.670391061453,54.414377614
4450,0.116338468387,0.113634060818,0.114050325945,0.584234930448,0.62962962963,0.628472222222,0.637954239569,0.69465648855,0.678678678679,54.526429655
4460,0.121922091499,0.116652979383,0.118302695901,0.551777434312,0.587962962963,0.569444444444,0.655581947743,0.689895470383,0.666666666667,54.637709481
4470,0.124316557992,0.120194433364,0.119979250062,0.571870170015,0.578703703704,0.576388888889,0.574500768049,0.602620087336,0.567375886525,54.766222748
4480,0.121640619892,0.117167741183,0.117151747278,0.584234930448,0.592592592593,0.604166666667,0.602658788774,0.633333333333,0.622516556291,54.877894342
4490,0.121262430764,0.117648468996,0.117452416896,0.587326120556,0.611111111111,0.597222222222,0.61135371179,0.652892561983,0.618421052632,54.989361846
4500,0.123589528102,0.116695922217,0.119295056211,0.576506955178,0.62037037037,0.586805555556,0.563694267516,0.630630630631,0.576512455516,55.097152806
4510,0.123661042658,0.115823950617,0.120036610519,0.550231839258,0.643518518519,0.565972222222,0.577648766328,0.683127572016,0.592833876221,55.210869889
4520,0.121977948815,0.11714991275,0.118728197964,0.578052550232,0.611111111111,0.583333333333,0.59793814433,0.655737704918,0.625,55.329509139
4530,0.122716839765,0.117907005139,0.119724653044,0.567233384853,0.62037037037,0.597222222222,0.556962025316,0.637168141593,0.585714285714,55.443864761
4540,0.125415595893,0.117398181505,0.123060227933,0.511591962906,0.606481481481,0.552083333333,0.59383033419,0.679245283019,0.63661971831,55.565660528
4550,0.120919583552,0.116691845412,0.117812208556,0.576506955178,0.62962962963,0.611111111111,0.62972972973,0.69696969697,0.666666666667,55.707405559
4560,0.123141198081,0.118802623034,0.119127938762,0.587326120556,0.597222222222,0.590277777778,0.600896860987,0.639004149378,0.616883116883,55.844575619
4570,0.12156627518,0.117318430727,0.119390093337,0.561051004637,0.601851851852,0.572916666667,0.617250673854,0.671755725191,0.628398791541,55.956598124
4580,0.123284615676,0.119802519167,0.120854612894,0.561051004637,0.574074074074,0.569444444444,0.65617433414,0.68275862069,0.666666666667,56.070434564
4590,0.122371412954,0.119698195301,0.119872967091,0.553323029366,0.574074074074,0.534722222222,0.652226233454,0.676056338028,0.639784946237,56.187408073
4600,0.123846297251,0.119776364045,0.120725514505,0.542503863988,0.569444444444,0.538194444444,0.646778042959,0.678200692042,0.643431635389,56.301190151
4610,0.119889570253,0.117806047147,0.117291073998,0.591962905719,0.611111111111,0.604166666667,0.603603603604,0.637931034483,0.62,56.409428941
4620,0.122867010629,0.121927763463,0.120400185121,0.596599690881,0.592592592593,0.611111111111,0.631875881523,0.642276422764,0.643312101911,56.520714176
4630,0.123292071699,0.121302491085,0.119713828698,0.574961360124,0.583333333333,0.607638888889,0.625850340136,0.656488549618,0.658610271903,56.629526468
4640,0.124675960287,0.12190878378,0.121514660319,0.578052550232,0.583333333333,0.590277777778,0.58320610687,0.612068965517,0.590277777778,56.747084557
4650,0.123076817716,0.119339108201,0.120733564925,0.582689335394,0.597222222222,0.590277777778,0.625,0.658823529412,0.642424242424,56.86413426
4660,0.123138649988,0.120672130843,0.119951483343,0.571870170015,0.574074074074,0.597222222222,0.645326504481,0.669064748201,0.675977653631,56.977348539
4670,0.126499713038,0.121233204483,0.123221420844,0.550231839258,0.569444444444,0.565972222222,0.63670411985,0.659340659341,0.653739612188,57.089759525
4680,0.122243022013,0.119431734652,0.119189296138,0.58114374034,0.587962962963,0.597222222222,0.616690240453,0.645418326693,0.630573248408,57.203597283
4690,0.123553153383,0.118997878002,0.120945179947,0.565687789799,0.583333333333,0.586805555556,0.631716906946,0.664179104478,0.659025787966,57.31954826
4700,0.122660648755,0.11915771619,0.120645168815,0.58114374034,0.569444444444,0.597222222222,0.64667535854,0.651685393258,0.668571428571,57.437106509
4710,0.124829231756,0.119071758784,0.121135099453,0.567233384853,0.611111111111,0.583333333333,0.631578947368,0.686567164179,0.655172413793,57.571579145
4720,0.126075191063,0.120585048956,0.123532930874,0.54714064915,0.569444444444,0.541666666667,0.643985419198,0.669039145907,0.647058823529,57.711145042
4730,0.12497344853,0.119453755065,0.122587007948,0.553323029366,0.592592592593,0.576388888889,0.634639696587,0.678832116788,0.661111111111,57.86507059
4740,0.127097095683,0.122440537794,0.124726550718,0.536321483771,0.537037037037,0.552083333333,0.590163934426,0.624060150376,0.623906705539,57.994195019
4750,0.126020958781,0.121034200761,0.123442787676,0.551777434312,0.569444444444,0.541666666667,0.630102040816,0.664259927798,0.641304347826,58.105504385
4760,0.125545555049,0.121382806274,0.122970012177,0.559505409583,0.583333333333,0.545138888889,0.648581997534,0.685314685315,0.646900269542,58.235728801
4770,0.126179217863,0.120483158906,0.122884664087,0.545595054096,0.611111111111,0.548611111111,0.634328358209,0.702127659574,0.650537634409,58.351805978
4780,0.129225945393,0.12053664734,0.125963510809,0.530139103555,0.569444444444,0.517361111111,0.561959654179,0.600858369099,0.569659442724,58.463670607
4790,0.126596157426,0.121863023965,0.123070900516,0.565687789799,0.564814814815,0.555555555556,0.635538261997,0.659420289855,0.642458100559,58.57638802
4800,0.125376479711,0.120762203274,0.120869602951,0.574961360124,0.615740740741,0.586805555556,0.573643410853,0.640692640693,0.582456140351,58.684460174
4810,0.1255464527,0.119660213911,0.121917376259,0.539412673879,0.587962962963,0.5625,0.560471976401,0.636734693878,0.596153846154,58.804302193
4820,0.127214244048,0.120470525887,0.122345168251,0.568778979907,0.597222222222,0.576388888889,0.546341463415,0.609865470852,0.551470588235,58.921865105
4830,0.126658642763,0.120736079057,0.121644990522,0.557959814529,0.592592592593,0.5625,0.520134228188,0.588785046729,0.519083969466,59.036149095
4840,0.123275511109,0.120433917128,0.119363881231,0.574961360124,0.62037037037,0.586805555556,0.566929133858,0.646551724138,0.579505300353,59.149747058
4850,0.122665563845,0.119036269338,0.118633179723,0.576506955178,0.615740740741,0.621527777778,0.607449856734,0.669322709163,0.660436137072,59.263904307
4860,0.121018549665,0.118474017794,0.117440345177,0.574961360124,0.611111111111,0.625,0.613220815752,0.671875,0.668711656442,59.370750611
4870,0.128568916105,0.124885025866,0.124571940987,0.523956723338,0.564814814815,0.555555555556,0.643518518519,0.680272108844,0.675126903553,59.484389153
4880,0.121394801043,0.119593693144,0.118874236379,0.579598145286,0.578703703704,0.604166666667,0.63829787234,0.664206642066,0.674285714286,59.598603159
4890,0.120689604822,0.120158200203,0.117833392577,0.57341576507,0.578703703704,0.579861111111,0.668269230769,0.685121107266,0.675603217158,59.709857942
4900,0.121687513136,0.119287791252,0.118843289374,0.582689335394,0.583333333333,0.579861111111,0.64,0.664179104478,0.65329512894,59.821200502
4910,0.122880951893,0.119778683049,0.119565628348,0.58114374034,0.574074074074,0.590277777778,0.637215528782,0.659259259259,0.66091954023,59.937496274
4920,0.122210142616,0.120659789794,0.118797203834,0.582689335394,0.592592592593,0.618055555556,0.605263157895,0.642276422764,0.642857142857,60.0494996
4930,0.120764967188,0.118467846711,0.117026688065,0.58114374034,0.601851851852,0.618055555556,0.606676342525,0.650406504065,0.647435897436,60.157157174
4940,0.120250861786,0.118930676356,0.117906752903,0.584234930448,0.569444444444,0.607638888889,0.638926174497,0.649056603774,0.666666666667,60.270074172
4950,0.122205106417,0.120217231498,0.118915055555,0.588871715611,0.592592592593,0.59375,0.647214854111,0.674074074074,0.660869565217,60.378748486
4960,0.120933865688,0.120467003071,0.118036642287,0.587326120556,0.564814814815,0.600694444444,0.64064602961,0.651851851852,0.66472303207,60.49072579
4970,0.119291202015,0.119203249998,0.116783752418,0.593508500773,0.606481481481,0.611111111111,0.614934114202,0.647302904564,0.626666666667,60.613122518
4980,0.120714886765,0.117885827057,0.117739541746,0.578052550232,0.578703703704,0.576388888889,0.664206642066,0.680701754386,0.673796791444,60.757098643
4990,0.122037142879,0.120108099009,0.118550795101,0.582689335394,0.592592592593,0.600694444444,0.665841584158,0.692307692308,0.688346883469,60.871800843
5000,0.121987113762,0.11888679275,0.118534287907,0.588871715611,0.587962962963,0.611111111111,0.64907651715,0.671586715867,0.67816091954,61.025223364
